question,answer,story
Aria lived in a city and had a pet cat named Oliver.,False,"Once upon a time, in a small, enchanted village nestled in the heart of an ancient forest, there lived a young girl named Aria who had the unique ability to speak with animals. Every morning, she would set out on adventures, guided by her best friend, a wise old owl named Oliver. One day, they decided to venture deeper into the forest than ever before, where they discovered a hidden waterfall that sparkled with magical energy. As Aria stood by the water's edge, Oliver noticed something unusual - a tiny dragon, no larger than a kitten, was trapped beneath a fallen branch. Quick as a flash, Aria rushed to free the little dragon, who in gratitude, promised to grant her one wish. Aria wished for her village to always remain safe and prosperous, and from that day on, the village flourished as the dragon's magic protected it from harm."
Aria discovered a hidden waterfall deep in the forest.,True,"Once upon a time, in a small, enchanted village nestled in the heart of an ancient forest, there lived a young girl named Aria who had the unique ability to speak with animals. Every morning, she would set out on adventures, guided by her best friend, a wise old owl named Oliver. One day, they decided to venture deeper into the forest than ever before, where they discovered a hidden waterfall that sparkled with magical energy. As Aria stood by the water's edge, Oliver noticed something unusual - a tiny dragon, no larger than a kitten, was trapped beneath a fallen branch. Quick as a flash, Aria rushed to free the little dragon, who in gratitude, promised to grant her one wish. Aria wished for her village to always remain safe and prosperous, and from that day on, the village flourished as the dragon's magic protected it from harm."
The dragon Aria saved was as large as a horse.,False,"Once upon a time, in a small, enchanted village nestled in the heart of an ancient forest, there lived a young girl named Aria who had the unique ability to speak with animals. Every morning, she would set out on adventures, guided by her best friend, a wise old owl named Oliver. One day, they decided to venture deeper into the forest than ever before, where they discovered a hidden waterfall that sparkled with magical energy. As Aria stood by the water's edge, Oliver noticed something unusual - a tiny dragon, no larger than a kitten, was trapped beneath a fallen branch. Quick as a flash, Aria rushed to free the little dragon, who in gratitude, promised to grant her one wish. Aria wished for her village to always remain safe and prosperous, and from that day on, the village flourished as the dragon's magic protected it from harm."
The village of Mistralwood is located near a desert.,False,"In the quiet village of Mistralwood, nestled between whispering pines and rolling meadows, there lay a mysterious lake known as Moonlit Mirror. The lake was said to be enchanted, reflecting not the stars above but the dreams of those who gazed upon its surface. One night, a curious traveler named Elara, drawn by tales of its magic, ventured to the water's edge. As she peered into the shimmering depths, she saw not her own reflection, but a vision of a distant land filled with towering crystal spires and gentle, floating orbs that danced like fireflies. Mystified, Elara realized that the lake had shown her a place she longed to visit, a world beyond her own. With a heart full of wonder, she vowed to return to Moonlit Mirror to discover more secrets of its enchanting reflections."
The lake is called Moonlit Mirror because it reflects the dreams of those who gaze into it.,True,"In the quiet village of Mistralwood, nestled between whispering pines and rolling meadows, there lay a mysterious lake known as Moonlit Mirror. The lake was said to be enchanted, reflecting not the stars above but the dreams of those who gazed upon its surface. One night, a curious traveler named Elara, drawn by tales of its magic, ventured to the water's edge. As she peered into the shimmering depths, she saw not her own reflection, but a vision of a distant land filled with towering crystal spires and gentle, floating orbs that danced like fireflies. Mystified, Elara realized that the lake had shown her a place she longed to visit, a world beyond her own. With a heart full of wonder, she vowed to return to Moonlit Mirror to discover more secrets of its enchanting reflections."
Elara saw her own reflection and nothing else when she looked into the lake.,False,"In the quiet village of Mistralwood, nestled between whispering pines and rolling meadows, there lay a mysterious lake known as Moonlit Mirror. The lake was said to be enchanted, reflecting not the stars above but the dreams of those who gazed upon its surface. One night, a curious traveler named Elara, drawn by tales of its magic, ventured to the water's edge. As she peered into the shimmering depths, she saw not her own reflection, but a vision of a distant land filled with towering crystal spires and gentle, floating orbs that danced like fireflies. Mystified, Elara realized that the lake had shown her a place she longed to visit, a world beyond her own. With a heart full of wonder, she vowed to return to Moonlit Mirror to discover more secrets of its enchanting reflections."
Did Luna discover the grove by following a path of fireflies?,False,"In the heart of the Enchanted Forest, a tiny fairy named Luna discovered a hidden grove illuminated by the glow of thousands of fireflies. The grove was unlike any place she had seen before, with flowers that whispered secrets of the forest and trees that seemed to hum with ancient songs. At the center of the grove lay a shimmering pond that reflected the stars, and Luna was drawn to its edge, curious about the whispers it carried. As she leaned over the water, the reflection of a mysterious creature, a silver fox with eyes like the night sky, appeared beside her. To Luna's surprise, the fox spoke, offering her three riddles that, if solved, would reveal the secrets of the grove. Feeling brave, Luna accepted the challenge, eager to uncover the mysteries that lay hidden in the depths of the Enchanted Forest."
Were the flowers in the grove capable of speaking?,True,"In the heart of the Enchanted Forest, a tiny fairy named Luna discovered a hidden grove illuminated by the glow of thousands of fireflies. The grove was unlike any place she had seen before, with flowers that whispered secrets of the forest and trees that seemed to hum with ancient songs. At the center of the grove lay a shimmering pond that reflected the stars, and Luna was drawn to its edge, curious about the whispers it carried. As she leaned over the water, the reflection of a mysterious creature, a silver fox with eyes like the night sky, appeared beside her. To Luna's surprise, the fox spoke, offering her three riddles that, if solved, would reveal the secrets of the grove. Feeling brave, Luna accepted the challenge, eager to uncover the mysteries that lay hidden in the depths of the Enchanted Forest."
Did Luna solve all three riddles immediately upon meeting the fox?,False,"In the heart of the Enchanted Forest, a tiny fairy named Luna discovered a hidden grove illuminated by the glow of thousands of fireflies. The grove was unlike any place she had seen before, with flowers that whispered secrets of the forest and trees that seemed to hum with ancient songs. At the center of the grove lay a shimmering pond that reflected the stars, and Luna was drawn to its edge, curious about the whispers it carried. As she leaned over the water, the reflection of a mysterious creature, a silver fox with eyes like the night sky, appeared beside her. To Luna's surprise, the fox spoke, offering her three riddles that, if solved, would reveal the secrets of the grove. Feeling brave, Luna accepted the challenge, eager to uncover the mysteries that lay hidden in the depths of the Enchanted Forest."
Elara lived in a bustling city surrounded by skyscrapers.,False,"In the small village of Windermere, nestled among the emerald hills of the countryside, lived a peculiar girl named Elara. She possessed a rare gift; she could communicate with the birds, who often brought her tales of distant lands and whispered secrets of the world. One brisk autumn morning, as the leaves fell gently around her, a majestic raven landed on her windowsill with a message from the kingdom across the sea. It spoke of a hidden treasure buried beneath the old oak tree at the edge of the village, a treasure that could bring prosperity to Windermere. Elara, with her adventurous spirit and loyal companion, a red squirrel named Sprocket, set out to uncover the truth behind the raven's tale."
Elara could communicate with the birds and receive messages from them.,True,"In the small village of Windermere, nestled among the emerald hills of the countryside, lived a peculiar girl named Elara. She possessed a rare gift; she could communicate with the birds, who often brought her tales of distant lands and whispered secrets of the world. One brisk autumn morning, as the leaves fell gently around her, a majestic raven landed on her windowsill with a message from the kingdom across the sea. It spoke of a hidden treasure buried beneath the old oak tree at the edge of the village, a treasure that could bring prosperity to Windermere. Elara, with her adventurous spirit and loyal companion, a red squirrel named Sprocket, set out to uncover the truth behind the raven's tale."
The treasure was believed to be buried beneath the village square.,False,"In the small village of Windermere, nestled among the emerald hills of the countryside, lived a peculiar girl named Elara. She possessed a rare gift; she could communicate with the birds, who often brought her tales of distant lands and whispered secrets of the world. One brisk autumn morning, as the leaves fell gently around her, a majestic raven landed on her windowsill with a message from the kingdom across the sea. It spoke of a hidden treasure buried beneath the old oak tree at the edge of the village, a treasure that could bring prosperity to Windermere. Elara, with her adventurous spirit and loyal companion, a red squirrel named Sprocket, set out to uncover the truth behind the raven's tale."
"Felix the fox gazed into a mystical lake, not a pond.",False,"In the heart of the Enchanted Woods, there was a mystical pond that reflected not just the trees and sky above, but the deepest desires of those who gazed into its waters. One evening, a curious fox named Felix, known for his inquisitive nature, decided to visit the pond. As the moonlight danced upon the rippling surface, Felix peered into the water and saw the image of a grand library filled with books of ancient wisdom. Captivated, he spent the whole night at the pond, dreaming of becoming the wisest creature in the forest. When dawn broke, the fox left with a newfound determination to seek knowledge, inspiring the creatures of the Enchanted Woods with his stories of the visions he saw in the magical pond."
Felix saw a grand library filled with wisdom in the reflection.,True,"In the heart of the Enchanted Woods, there was a mystical pond that reflected not just the trees and sky above, but the deepest desires of those who gazed into its waters. One evening, a curious fox named Felix, known for his inquisitive nature, decided to visit the pond. As the moonlight danced upon the rippling surface, Felix peered into the water and saw the image of a grand library filled with books of ancient wisdom. Captivated, he spent the whole night at the pond, dreaming of becoming the wisest creature in the forest. When dawn broke, the fox left with a newfound determination to seek knowledge, inspiring the creatures of the Enchanted Woods with his stories of the visions he saw in the magical pond."
The mystical pond was located in the Enchanted Woods.,True,"In the heart of the Enchanted Woods, there was a mystical pond that reflected not just the trees and sky above, but the deepest desires of those who gazed into its waters. One evening, a curious fox named Felix, known for his inquisitive nature, decided to visit the pond. As the moonlight danced upon the rippling surface, Felix peered into the water and saw the image of a grand library filled with books of ancient wisdom. Captivated, he spent the whole night at the pond, dreaming of becoming the wisest creature in the forest. When dawn broke, the fox left with a newfound determination to seek knowledge, inspiring the creatures of the Enchanted Woods with his stories of the visions he saw in the magical pond."
